dataset_source,sequence_id,person_id,frame_index,source_fps,label_name,pose_center_weight,human_center_x,human_center_y,bbox_xmin,bbox_ymin,bbox_xmax,bbox_ymax,source_file
URFall,URFall_adl-01-cam0,person_1,7,30.0,Normal,1.0,560.795,112.5395,542.85,73.295,607.665,162.0,D:\Project\Path_prediction_clean\examples\inputs\urfall_keypoints_adl-01-cam0.xlsx
URFall,URFall_adl-01-cam0,person_1,8,30.0,Normal,1.0,559.355,113.04001,542.85,73.295,601.49,162.0,D:\Project\Path_prediction_clean\examples\inputs\urfall_keypoints_adl-01-cam0.xlsx
URFall,URFall_adl-01-cam0,person_1,9,30.0,Normal,1.0,557.11053,112.994995,542.85,73.295,588.79,162.0,D:\Project\Path_prediction_clean\examples\inputs\urfall_keypoints_adl-01-cam0.xlsx
URFall,URFall_adl-01-cam0,person_1,10,30.0,Normal,1.0,554.521,112.5485,542.85,73.295,574.295,162.0,D:\Project\Path_prediction_clean\examples\inputs\urfall_keypoints_adl-01-cam0.xlsx
URFall,URFall_adl-01-cam0,person_1,11,30.0,Normal,1.0,553.1545,111.5845,538.595,73.295,563.745,162.0,D:\Project\Path_prediction_clean\examples\inputs\urfall_keypoints_adl-01-cam0.xlsx
URFall,URFall_adl-01-cam0,person_1,12,30.0,Normal,1.0,552.53204,111.093,533.325,73.295,562.86,162.93,D:\Project\Path_prediction_clean\examples\inputs\urfall_keypoints_adl-01-cam0.xlsx
URFall,URFall_adl-01-cam0,person_1,13,30.0,Normal,1.0,551.622,110.8805,529.84,73.295,562.89,163.97,D:\Project\Path_prediction_clean\examples\inputs\urfall_keypoints_adl-01-cam0.xlsx
URFall,URFall_adl-01-cam0,person_1,14,30.0,Normal,1.0,550.48804,110.82,527.315,73.195,563.075,164.01,D:\Project\Path_prediction_clean\examples\inputs\urfall_keypoints_adl-01-cam0.xlsx
URFall,URFall_adl-01-cam0,person_1,15,30.0,Normal,1.0,548.80853,110.8385,526.59,73.155,563.29,163.615,D:\Project\Path_prediction_clean\examples\inputs\urfall_keypoints_adl-01-cam0.xlsx
URFall,URFall_adl-01-cam0,person_1,16,30.0,Normal,1.0,547.618,110.8865,526.77,73.165,562.13,163.12,D:\Project\Path_prediction_clean\examples\inputs\urfall_keypoints_adl-01-cam0.xlsx
URFall,URFall_adl-01-cam0,person_1,17,30.0,Normal,1.0,546.7355,111.339,528.63,73.2,560.15,162.68,D:\Project\Path_prediction_clean\examples\inputs\urfall_keypoints_adl-01-cam0.xlsx
URFall,URFall_adl-01-cam0,person_1,18,30.0,Normal,1.0,545.75104,112.109505,529.96,73.23,557.75,162.355,D:\Project\Path_prediction_clean\examples\inputs\urfall_keypoints_adl-01-cam0.xlsx
URFall,URFall_adl-01-cam0,person_1,19,30.0,Normal,1.0,544.558,112.636505,530.79,72.29,556.785,163.15,D:\Project\Path_prediction_clean\examples\inputs\urfall_keypoints_adl-01-cam0.xlsx
URFall,URFall_adl-01-cam0,person_1,20,30.0,Normal,1.0,543.23004,112.3825,529.35,70.715,556.79,163.605,D:\Project\Path_prediction_clean\examples\inputs\urfall_keypoints_adl-01-cam0.xlsx
URFall,URFall_adl-01-cam0,person_1,21,30.0,Normal,1.0,542.104,111.676,528.305,68.865,556.785,163.825,D:\Project\Path_prediction_clean\examples\inputs\urfall_keypoints_adl-01-cam0.xlsx
URFall,URFall_adl-01-cam0,person_1,22,30.0,Normal,1.0,541.238,111.145004,526.655,67.92,556.78,162.895,D:\Project\Path_prediction_clean\examples\inputs\urfall_keypoints_adl-01-cam0.xlsx
URFall,URFall_adl-01-cam0,person_1,23,30.0,Normal,1.0,540.518,110.560005,524.61,67.56,556.775,162.32,D:\Project\Path_prediction_clean\examples\inputs\urfall_keypoints_adl-01-cam0.xlsx
URFall,URFall_adl-01-cam0,person_1,24,30.0,Normal,1.0,540.1325,109.968,522.34,67.515,556.775,163.015,D:\Project\Path_prediction_clean\examples\inputs\urfall_keypoints_adl-01-cam0.xlsx
URFall,URFall_adl-01-cam0,person_1,25,30.0,Normal,1.0,539.2465,109.383995,521.31,67.515,556.77,163.455,D:\Project\Path_prediction_clean\examples\inputs\urfall_keypoints_adl-01-cam0.xlsx
URFall,URFall_adl-01-cam0,person_1,26,30.0,Normal,1.0,537.91754,109.12051,521.015,67.615,556.77,163.7,D:\Project\Path_prediction_clean\examples\inputs\urfall_keypoints_adl-01-cam0.xlsx
URFall,URFall_adl-01-cam0,person_1,27,30.0,Normal,1.0,536.604,109.046,521.09,67.56,556.77,162.805,D:\Project\Path_prediction_clean\examples\inputs\urfall_keypoints_adl-01-cam0.xlsx
URFall,URFall_adl-01-cam0,person_1,28,30.0,Normal,1.0,536.004,109.066,521.305,67.515,556.77,162.265,D:\Project\Path_prediction_clean\examples\inputs\urfall_keypoints_adl-01-cam0.xlsx
URFall,URFall_adl-01-cam0,person_1,29,30.0,Normal,1.0,535.8245,109.12201,521.235,67.515,555.43,162.0,D:\Project\Path_prediction_clean\examples\inputs\urfall_keypoints_adl-01-cam0.xlsx
URFall,URFall_adl-01-cam0,person_1,30,30.0,Normal,1.0,535.72705,109.182,521.22,67.615,553.325,162.0,D:\Project\Path_prediction_clean\examples\inputs\urfall_keypoints_adl-01-cam0.xlsx
URFall,URFall_adl-01-cam0,person_1,31,30.0,Normal,1.0,535.7685,109.43,520.52,67.755,550.855,163.005,D:\Project\Path_prediction_clean\examples\inputs\urfall_keypoints_adl-01-cam0.xlsx
URFall,URFall_adl-01-cam0,person_1,32,30.0,Normal,1.0,535.7285,109.681,518.5,67.88,549.605,164.58,D:\Project\Path_prediction_clean\examples\inputs\urfall_keypoints_adl-01-cam0.xlsx
URFall,URFall_adl-01-cam0,person_1,33,30.0,Normal,1.0,535.61304,110.018,516.075,67.975,549.555,166.435,D:\Project\Path_prediction_clean\examples\inputs\urfall_keypoints_adl-01-cam0.xlsx
URFall,URFall_adl-01-cam0,person_1,34,30.0,Normal,1.0,535.309,110.19,514.835,67.09,549.68,167.375,D:\Project\Path_prediction_clean\examples\inputs\urfall_keypoints_adl-01-cam0.xlsx
URFall,URFall_adl-01-cam0,person_1,35,30.0,Normal,1.0,535.294,110.559,514.36,65.5,549.76,168.74,D:\Project\Path_prediction_clean\examples\inputs\urfall_keypoints_adl-01-cam0.xlsx
URFall,URFall_adl-01-cam0,person_1,36,30.0,Normal,1.0,535.317,110.539,514.295,63.64,549.81,170.36,D:\Project\Path_prediction_clean\examples\inputs\urfall_keypoints_adl-01-cam0.xlsx
URFall,URFall_adl-01-cam0,person_1,37,30.0,Normal,1.0,535.355,110.29,515.76,62.69,549.835,172.115,D:\Project\Path_prediction_clean\examples\inputs\urfall_keypoints_adl-01-cam0.xlsx
URFall,URFall_adl-01-cam0,person_1,38,30.0,Normal,1.0,535.2525,109.72001,516.705,62.325,549.84,172.915,D:\Project\Path_prediction_clean\examples\inputs\urfall_keypoints_adl-01-cam0.xlsx
URFall,URFall_adl-01-cam0,person_1,39,30.0,Normal,1.0,535.3345,109.38901,517.24,62.28,549.84,173.15,D:\Project\Path_prediction_clean\examples\inputs\urfall_keypoints_adl-01-cam0.xlsx
URFall,URFall_adl-01-cam0,person_1,40,30.0,Normal,1.0,535.52454,109.33201,516.15,62.33,549.835,173.1,D:\Project\Path_prediction_clean\examples\inputs\urfall_keypoints_adl-01-cam0.xlsx
URFall,URFall_adl-01-cam0,person_1,41,30.0,Normal,1.0,535.771,109.235504,515.46,62.285,549.835,172.94,D:\Project\Path_prediction_clean\examples\inputs\urfall_keypoints_adl-01-cam0.xlsx
URFall,URFall_adl-01-cam0,person_1,42,30.0,Normal,1.0,535.3655,109.30551,515.085,61.645,549.84,172.76,D:\Project\Path_prediction_clean\examples\inputs\urfall_keypoints_adl-01-cam0.xlsx
URFall,URFall_adl-01-cam0,person_1,43,30.0,Normal,1.0,534.44354,109.369,514.915,60.165,549.84,172.85,D:\Project\Path_prediction_clean\examples\inputs\urfall_keypoints_adl-01-cam0.xlsx
URFall,URFall_adl-01-cam0,person_1,44,30.0,Normal,1.0,533.2595,109.61551,514.87,58.375,549.835,172.9,D:\Project\Path_prediction_clean\examples\inputs\urfall_keypoints_adl-01-cam0.xlsx
URFall,URFall_adl-01-cam0,person_1,45,30.0,Normal,1.0,532.502,109.761505,514.885,57.47,549.835,173.46,D:\Project\Path_prediction_clean\examples\inputs\urfall_keypoints_adl-01-cam0.xlsx
URFall,URFall_adl-01-cam0,person_1,46,30.0,Normal,1.0,532.167,109.934,514.595,57.125,549.83,175.01,D:\Project\Path_prediction_clean\examples\inputs\urfall_keypoints_adl-01-cam0.xlsx
URFall,URFall_adl-01-cam0,person_1,47,30.0,Normal,1.0,532.08,110.017,514.155,57.09,549.825,176.855,D:\Project\Path_prediction_clean\examples\inputs\urfall_keypoints_adl-01-cam0.xlsx
URFall,URFall_adl-01-cam0,person_1,48,30.0,Normal,1.0,532.116,110.247505,514.275,57.185,549.825,177.8,D:\Project\Path_prediction_clean\examples\inputs\urfall_keypoints_adl-01-cam0.xlsx
URFall,URFall_adl-01-cam0,person_1,49,30.0,Normal,1.0,531.52454,110.4625,514.41,57.325,549.825,178.165,D:\Project\Path_prediction_clean\examples\inputs\urfall_keypoints_adl-01-cam0.xlsx
URFall,URFall_adl-01-cam0,person_1,50,30.0,Normal,1.0,530.1505,110.763504,514.595,57.445,549.825,178.215,D:\Project\Path_prediction_clean\examples\inputs\urfall_keypoints_adl-01-cam0.xlsx
URFall,URFall_adl-01-cam0,person_1,51,30.0,Normal,1.0,528.35,110.607,514.765,57.54,549.825,178.22,D:\Project\Path_prediction_clean\examples\inputs\urfall_keypoints_adl-01-cam0.xlsx
URFall,URFall_adl-01-cam0,person_1,52,30.0,Normal,1.0,527.159,110.1845,513.7,57.49,549.825,178.225,D:\Project\Path_prediction_clean\examples\inputs\urfall_keypoints_adl-01-cam0.xlsx
URFall,URFall_adl-01-cam0,person_1,53,30.0,Normal,1.0,526.91,109.7295,511.585,57.125,549.825,178.975,D:\Project\Path_prediction_clean\examples\inputs\urfall_keypoints_adl-01-cam0.xlsx
URFall,URFall_adl-01-cam0,person_1,54,30.0,Normal,1.0,527.208,109.58501,509.105,57.08,549.825,180.43,D:\Project\Path_prediction_clean\examples\inputs\urfall_keypoints_adl-01-cam0.xlsx
URFall,URFall_adl-01-cam0,person_1,55,30.0,Normal,1.0,527.63654,109.636,507.845,56.65,550.53,182.185,D:\Project\Path_prediction_clean\examples\inputs\urfall_keypoints_adl-01-cam0.xlsx
URFall,URFall_adl-01-cam0,person_1,56,30.0,Normal,1.0,527.543,109.694496,507.36,55.065,553.845,183.065,D:\Project\Path_prediction_clean\examples\inputs\urfall_keypoints_adl-01-cam0.xlsx
URFall,URFall_adl-01-cam0,person_1,57,30.0,Normal,1.0,527.105,109.7445,507.295,53.205,556.71,183.395,D:\Project\Path_prediction_clean\examples\inputs\urfall_keypoints_adl-01-cam0.xlsx
URFall,URFall_adl-01-cam0,person_1,58,30.0,Normal,1.0,526.4695,109.7805,507.31,52.255,557.925,183.42,D:\Project\Path_prediction_clean\examples\inputs\urfall_keypoints_adl-01-cam0.xlsx
URFall,URFall_adl-01-cam0,person_1,59,30.0,Normal,1.0,526.1405,108.999,507.44,51.89,556.865,183.315,D:\Project\Path_prediction_clean\examples\inputs\urfall_keypoints_adl-01-cam0.xlsx
URFall,URFall_adl-01-cam0,person_1,60,30.0,Normal,1.0,525.33704,107.746994,506.45,51.84,554.585,183.18,D:\Project\Path_prediction_clean\examples\inputs\urfall_keypoints_adl-01-cam0.xlsx
URFall,URFall_adl-01-cam0,person_1,61,30.0,Normal,1.0,524.122,106.1675,504.475,51.84,550.435,183.055,D:\Project\Path_prediction_clean\examples\inputs\urfall_keypoints_adl-01-cam0.xlsx
URFall,URFall_adl-01-cam0,person_1,62,30.0,Normal,1.0,522.1655,105.258,502.09,51.855,549.825,182.96,D:\Project\Path_prediction_clean\examples\inputs\urfall_keypoints_adl-01-cam0.xlsx
URFall,URFall_adl-01-cam0,person_1,63,30.0,Normal,1.0,520.4875,104.9805,500.885,51.89,548.48,182.9,D:\Project\Path_prediction_clean\examples\inputs\urfall_keypoints_adl-01-cam0.xlsx
URFall,URFall_adl-01-cam0,person_1,64,30.0,Normal,1.0,519.0345,105.065506,500.425,51.085,546.365,182.865,D:\Project\Path_prediction_clean\examples\inputs\urfall_keypoints_adl-01-cam0.xlsx
URFall,URFall_adl-01-cam0,person_1,65,30.0,Normal,1.0,518.27454,105.62301,500.375,49.635,543.885,182.85,D:\Project\Path_prediction_clean\examples\inputs\urfall_keypoints_adl-01-cam0.xlsx
URFall,URFall_adl-01-cam0,person_1,66,30.0,Normal,1.0,517.915,106.208496,500.375,47.875,542.625,183.02,D:\Project\Path_prediction_clean\examples\inputs\urfall_keypoints_adl-01-cam0.xlsx
URFall,URFall_adl-01-cam0,person_1,67,30.0,Normal,1.0,517.0805,106.85551,499.35,46.995,542.14,184.395,D:\Project\Path_prediction_clean\examples\inputs\urfall_keypoints_adl-01-cam0.xlsx
URFall,URFall_adl-01-cam0,person_1,68,30.0,Normal,1.0,515.53204,107.4035,497.41,46.67,540.74,186.02,D:\Project\Path_prediction_clean\examples\inputs\urfall_keypoints_adl-01-cam0.xlsx
URFall,URFall_adl-01-cam0,person_1,69,30.0,Normal,1.0,513.57,107.868004,495.065,46.64,538.77,187.785,D:\Project\Path_prediction_clean\examples\inputs\urfall_keypoints_adl-01-cam0.xlsx
URFall,URFall_adl-01-cam0,person_1,70,30.0,Normal,1.0,512.0785,108.2755,493.895,46.745,536.49,188.59,D:\Project\Path_prediction_clean\examples\inputs\urfall_keypoints_adl-01-cam0.xlsx
URFall,URFall_adl-01-cam0,person_1,71,30.0,Normal,1.0,511.30502,108.440506,493.46,46.885,535.405,188.825,D:\Project\Path_prediction_clean\examples\inputs\urfall_keypoints_adl-01-cam0.xlsx
URFall,URFall_adl-01-cam0,person_1,72,30.0,Normal,1.0,510.94397,108.4725,493.42,47.01,535.275,188.89,D:\Project\Path_prediction_clean\examples\inputs\urfall_keypoints_adl-01-cam0.xlsx
URFall,URFall_adl-01-cam0,person_1,73,30.0,Normal,1.0,510.517,108.5435,492.215,47.105,534.12,189.615,D:\Project\Path_prediction_clean\examples\inputs\urfall_keypoints_adl-01-cam0.xlsx
URFall,URFall_adl-01-cam0,person_1,74,30.0,Normal,1.0,509.334,108.24799,490.29,47.165,532.185,191.015,D:\Project\Path_prediction_clean\examples\inputs\urfall_keypoints_adl-01-cam0.xlsx
URFall,URFall_adl-01-cam0,person_1,75,30.0,Normal,1.0,507.6945,107.750496,487.975,47.2,529.845,192.725,D:\Project\Path_prediction_clean\examples\inputs\urfall_keypoints_adl-01-cam0.xlsx
URFall,URFall_adl-01-cam0,person_1,76,30.0,Normal,1.0,506.2195,107.0635,488.185,47.215,528.95,193.56,D:\Project\Path_prediction_clean\examples\inputs\urfall_keypoints_adl-01-cam0.xlsx
URFall,URFall_adl-01-cam0,person_1,77,30.0,Normal,1.0,505.5485,106.594,489.855,47.22,528.96,193.86,D:\Project\Path_prediction_clean\examples\inputs\urfall_keypoints_adl-01-cam0.xlsx
URFall,URFall_adl-01-cam0,person_1,78,30.0,Normal,1.0,504.9535,106.2805,491.995,47.22,528.965,193.87,D:\Project\Path_prediction_clean\examples\inputs\urfall_keypoints_adl-01-cam0.xlsx
URFall,URFall_adl-01-cam0,person_1,79,30.0,Normal,1.0,504.23196,106.16051,489.905,47.22,527.62,193.755,D:\Project\Path_prediction_clean\examples\inputs\urfall_keypoints_adl-01-cam0.xlsx
URFall,URFall_adl-01-cam0,person_1,80,30.0,Normal,1.0,503.41852,106.3475,487.6,46.21,525.505,193.615,D:\Project\Path_prediction_clean\examples\inputs\urfall_keypoints_adl-01-cam0.xlsx
URFall,URFall_adl-01-cam0,person_1,81,30.0,Normal,1.0,502.80847,106.69701,486.545,45.635,520.34,193.49,D:\Project\Path_prediction_clean\examples\inputs\urfall_keypoints_adl-01-cam0.xlsx
URFall,URFall_adl-01-cam0,person_1,82,30.0,Normal,1.0,501.2465,106.511505,484.895,44.355,517.695,193.395,D:\Project\Path_prediction_clean\examples\inputs\urfall_keypoints_adl-01-cam0.xlsx
URFall,URFall_adl-01-cam0,person_1,83,30.0,Normal,1.0,499.79398,106.4975,482.86,43.685,515.25,193.335,D:\Project\Path_prediction_clean\examples\inputs\urfall_keypoints_adl-01-cam0.xlsx
URFall,URFall_adl-01-cam0,person_1,84,30.0,Normal,1.0,497.78403,106.595505,480.605,42.41,515.07,193.305,D:\Project\Path_prediction_clean\examples\inputs\urfall_keypoints_adl-01-cam0.xlsx
URFall,URFall_adl-01-cam0,person_1,85,30.0,Normal,1.0,496.5405,107.26,478.255,42.795,515.065,193.29,D:\Project\Path_prediction_clean\examples\inputs\urfall_keypoints_adl-01-cam0.xlsx
URFall,URFall_adl-01-cam0,person_1,86,30.0,Normal,1.0,494.7135,107.6375,474.05,44.15,515.055,193.455,D:\Project\Path_prediction_clean\examples\inputs\urfall_keypoints_adl-01-cam0.xlsx
URFall,URFall_adl-01-cam0,person_1,87,30.0,Normal,1.0,493.20398,108.117004,469.915,46.0,515.05,193.82,D:\Project\Path_prediction_clean\examples\inputs\urfall_keypoints_adl-01-cam0.xlsx
URFall,URFall_adl-01-cam0,person_1,88,30.0,Normal,1.0,492.0375,108.65101,467.045,47.025,515.045,193.87,D:\Project\Path_prediction_clean\examples\inputs\urfall_keypoints_adl-01-cam0.xlsx
URFall,URFall_adl-01-cam0,person_1,89,30.0,Normal,1.0,491.064,109.3065,464.83,47.5,515.04,193.77,D:\Project\Path_prediction_clean\examples\inputs\urfall_keypoints_adl-01-cam0.xlsx
URFall,URFall_adl-01-cam0,person_1,90,30.0,Normal,1.0,490.31702,109.7155,464.2,47.635,515.04,193.63,D:\Project\Path_prediction_clean\examples\inputs\urfall_keypoints_adl-01-cam0.xlsx
URFall,URFall_adl-01-cam0,person_1,91,30.0,Normal,1.0,489.6755,110.278,464.34,48.61,515.04,193.295,D:\Project\Path_prediction_clean\examples\inputs\urfall_keypoints_adl-01-cam0.xlsx
URFall,URFall_adl-01-cam0,person_1,92,30.0,Normal,1.0,488.266,110.831,464.095,50.095,515.04,193.295,D:\Project\Path_prediction_clean\examples\inputs\urfall_keypoints_adl-01-cam0.xlsx
URFall,URFall_adl-01-cam0,person_1,93,30.0,Normal,1.0,486.391,111.27049,461.74,52.85,515.04,193.295,D:\Project\Path_prediction_clean\examples\inputs\urfall_keypoints_adl-01-cam0.xlsx
URFall,URFall_adl-01-cam0,person_1,94,30.0,Normal,1.0,484.27853,111.64451,459.4,55.29,513.695,193.295,D:\Project\Path_prediction_clean\examples\inputs\urfall_keypoints_adl-01-cam0.xlsx
URFall,URFall_adl-01-cam0,person_1,95,30.0,Normal,1.0,483.14304,111.988,458.41,57.455,511.58,193.295,D:\Project\Path_prediction_clean\examples\inputs\urfall_keypoints_adl-01-cam0.xlsx
URFall,URFall_adl-01-cam0,person_1,96,30.0,Normal,1.0,482.47003,112.61951,456.85,59.41,506.425,193.295,D:\Project\Path_prediction_clean\examples\inputs\urfall_keypoints_adl-01-cam0.xlsx
URFall,URFall_adl-01-cam0,person_1,97,30.0,Normal,1.0,481.4985,113.217995,454.895,61.235,500.96,193.295,D:\Project\Path_prediction_clean\examples\inputs\urfall_keypoints_adl-01-cam0.xlsx
URFall,URFall_adl-01-cam0,person_1,98,30.0,Normal,1.0,480.315,113.791,452.69,63.99,499.645,193.295,D:\Project\Path_prediction_clean\examples\inputs\urfall_keypoints_adl-01-cam0.xlsx
URFall,URFall_adl-01-cam0,person_1,99,30.0,Normal,1.0,478.99753,114.43851,451.705,66.29,498.965,193.295,D:\Project\Path_prediction_clean\examples\inputs\urfall_keypoints_adl-01-cam0.xlsx
URFall,URFall_adl-01-cam0,person_1,100,30.0,Normal,1.0,478.14453,115.6325,450.1,68.275,497.305,193.295,D:\Project\Path_prediction_clean\examples\inputs\urfall_keypoints_adl-01-cam0.xlsx
URFall,URFall_adl-01-cam0,person_1,101,30.0,Normal,1.0,477.168,117.434006,448.08,70.08,496.435,193.65,D:\Project\Path_prediction_clean\examples\inputs\urfall_keypoints_adl-01-cam0.xlsx
URFall,URFall_adl-01-cam0,person_1,102,30.0,Normal,1.0,475.564,119.248,445.835,71.79,494.745,194.08,D:\Project\Path_prediction_clean\examples\inputs\urfall_keypoints_adl-01-cam0.xlsx
URFall,URFall_adl-01-cam0,person_1,103,30.0,Normal,1.0,473.46,120.81751,444.81,74.475,493.915,194.1,D:\Project\Path_prediction_clean\examples\inputs\urfall_keypoints_adl-01-cam0.xlsx
URFall,URFall_adl-01-cam0,person_1,104,30.0,Normal,1.0,471.771,122.41051,443.17,76.725,493.615,193.945,D:\Project\Path_prediction_clean\examples\inputs\urfall_keypoints_adl-01-cam0.xlsx
URFall,URFall_adl-01-cam0,person_1,105,30.0,Normal,1.0,470.90448,124.306,441.13,79.35,492.26,194.3,D:\Project\Path_prediction_clean\examples\inputs\urfall_keypoints_adl-01-cam0.xlsx
URFall,URFall_adl-01-cam0,person_1,106,30.0,Normal,1.0,470.24503,125.96901,438.86,80.55,490.26,195.875,D:\Project\Path_prediction_clean\examples\inputs\urfall_keypoints_adl-01-cam0.xlsx
URFall,URFall_adl-01-cam0,person_1,107,30.0,Normal,1.0,469.531,127.78151,437.83,83.005,487.92,197.73,D:\Project\Path_prediction_clean\examples\inputs\urfall_keypoints_adl-01-cam0.xlsx
URFall,URFall_adl-01-cam0,person_1,108,30.0,Normal,1.0,468.88452,129.2765,437.53,85.84,486.785,198.67,D:\Project\Path_prediction_clean\examples\inputs\urfall_keypoints_adl-01-cam0.xlsx
URFall,URFall_adl-01-cam0,person_1,109,30.0,Normal,1.0,468.6575,131.081,437.605,87.52,486.755,199.03,D:\Project\Path_prediction_clean\examples\inputs\urfall_keypoints_adl-01-cam0.xlsx
URFall,URFall_adl-01-cam0,person_1,110,30.0,Normal,1.0,468.65698,132.57101,436.48,90.17,486.925,199.075,D:\Project\Path_prediction_clean\examples\inputs\urfall_keypoints_adl-01-cam0.xlsx
URFall,URFall_adl-01-cam0,person_1,111,30.0,Normal,1.0,468.7495,133.972,434.605,92.395,487.05,198.98,D:\Project\Path_prediction_clean\examples\inputs\urfall_keypoints_adl-01-cam0.xlsx
URFall,URFall_adl-01-cam0,person_1,112,30.0,Normal,1.0,468.19598,135.638,432.325,95.325,486.76,198.84,D:\Project\Path_prediction_clean\examples\inputs\urfall_keypoints_adl-01-cam0.xlsx
URFall,URFall_adl-01-cam0,person_1,113,30.0,Normal,1.0,467.243,137.166,431.205,97.59,486.935,198.71,D:\Project\Path_prediction_clean\examples\inputs\urfall_keypoints_adl-01-cam0.xlsx
URFall,URFall_adl-01-cam0,person_1,114,30.0,Normal,1.0,466.0815,139.4105,430.805,99.61,485.725,198.615,D:\Project\Path_prediction_clean\examples\inputs\urfall_keypoints_adl-01-cam0.xlsx
URFall,URFall_adl-01-cam0,person_1,115,30.0,Normal,1.0,465.49847,141.2645,430.785,101.265,483.705,198.55,D:\Project\Path_prediction_clean\examples\inputs\urfall_keypoints_adl-01-cam0.xlsx
URFall,URFall_adl-01-cam0,person_1,116,30.0,Normal,1.0,465.1505,143.6575,430.94,103.945,481.28,198.515,D:\Project\Path_prediction_clean\examples\inputs\urfall_keypoints_adl-01-cam0.xlsx
URFall,URFall_adl-01-cam0,person_1,117,30.0,Normal,1.0,464.9205,145.55551,431.13,106.72,480.05,198.495,D:\Project\Path_prediction_clean\examples\inputs\urfall_keypoints_adl-01-cam0.xlsx
URFall,URFall_adl-01-cam0,person_1,118,30.0,Normal,1.0,464.7435,147.94751,431.295,108.395,480.065,198.49,D:\Project\Path_prediction_clean\examples\inputs\urfall_keypoints_adl-01-cam0.xlsx
URFall,URFall_adl-01-cam0,person_1,119,30.0,Normal,1.0,463.6335,149.823,431.325,111.045,480.155,198.49,D:\Project\Path_prediction_clean\examples\inputs\urfall_keypoints_adl-01-cam0.xlsx
URFall,URFall_adl-01-cam0,person_1,120,30.0,Normal,1.0,462.38248,151.48651,430.86,113.275,480.215,198.495,D:\Project\Path_prediction_clean\examples\inputs\urfall_keypoints_adl-01-cam0.xlsx
URFall,URFall_adl-01-cam0,person_1,121,30.0,Normal,1.0,460.6855,152.232,430.805,115.22,480.25,198.495,D:\Project\Path_prediction_clean\examples\inputs\urfall_keypoints_adl-01-cam0.xlsx
URFall,URFall_adl-01-cam0,person_1,122,30.0,Normal,1.0,459.84448,152.973,430.94,116.03,480.265,198.5,D:\Project\Path_prediction_clean\examples\inputs\urfall_keypoints_adl-01-cam0.xlsx
URFall,URFall_adl-01-cam0,person_1,123,30.0,Normal,1.0,459.13147,154.07849,431.12,117.1,478.925,198.5,D:\Project\Path_prediction_clean\examples\inputs\urfall_keypoints_adl-01-cam0.xlsx
URFall,URFall_adl-01-cam0,person_1,124,30.0,Normal,1.0,459.28198,155.43251,431.285,118.485,476.81,198.505,D:\Project\Path_prediction_clean\examples\inputs\urfall_keypoints_adl-01-cam0.xlsx
URFall,URFall_adl-01-cam0,person_1,125,30.0,Normal,1.0,459.50748,156.8345,431.41,120.075,474.33,198.505,D:\Project\Path_prediction_clean\examples\inputs\urfall_keypoints_adl-01-cam0.xlsx
URFall,URFall_adl-01-cam0,person_1,126,30.0,Normal,1.0,459.44952,157.45001,431.56,121.79,473.215,198.505,D:\Project\Path_prediction_clean\examples\inputs\urfall_keypoints_adl-01-cam0.xlsx
URFall,URFall_adl-01-cam0,person_1,127,30.0,Normal,1.0,459.05402,158.314,431.33,123.56,473.265,198.505,D:\Project\Path_prediction_clean\examples\inputs\urfall_keypoints_adl-01-cam0.xlsx
URFall,URFall_adl-01-cam0,person_1,128,30.0,Normal,1.0,458.191,158.9465,430.865,125.25,473.29,198.505,D:\Project\Path_prediction_clean\examples\inputs\urfall_keypoints_adl-01-cam0.xlsx
URFall,URFall_adl-01-cam0,person_1,129,30.0,Normal,1.0,457.86996,160.4695,430.81,125.995,473.145,198.505,D:\Project\Path_prediction_clean\examples\inputs\urfall_keypoints_adl-01-cam0.xlsx
URFall,URFall_adl-01-cam0,person_1,130,30.0,Normal,1.0,457.0875,161.21101,430.94,126.2,473.225,198.505,D:\Project\Path_prediction_clean\examples\inputs\urfall_keypoints_adl-01-cam0.xlsx
URFall,URFall_adl-01-cam0,person_1,131,30.0,Normal,1.0,456.7045,161.4685,431.12,126.135,473.27,198.505,D:\Project\Path_prediction_clean\examples\inputs\urfall_keypoints_adl-01-cam0.xlsx
URFall,URFall_adl-01-cam0,person_1,132,30.0,Normal,1.0,456.3,160.9695,431.285,125.97,473.29,198.505,D:\Project\Path_prediction_clean\examples\inputs\urfall_keypoints_adl-01-cam0.xlsx
URFall,URFall_adl-01-cam0,person_1,133,30.0,Normal,1.0,456.54602,160.577,431.41,124.79,473.63,198.505,D:\Project\Path_prediction_clean\examples\inputs\urfall_keypoints_adl-01-cam0.xlsx
URFall,URFall_adl-01-cam0,person_1,134,30.0,Normal,1.0,456.6185,160.412,431.49,123.065,473.845,198.505,D:\Project\Path_prediction_clean\examples\inputs\urfall_keypoints_adl-01-cam0.xlsx
URFall,URFall_adl-01-cam0,person_1,135,30.0,Normal,1.0,456.425,160.20898,431.54,121.11,473.295,198.505,D:\Project\Path_prediction_clean\examples\inputs\urfall_keypoints_adl-01-cam0.xlsx
URFall,URFall_adl-01-cam0,person_1,136,30.0,Normal,1.0,455.9295,160.097,431.55,120.105,473.295,198.505,D:\Project\Path_prediction_clean\examples\inputs\urfall_keypoints_adl-01-cam0.xlsx
URFall,URFall_adl-01-cam0,person_1,137,30.0,Normal,1.0,455.801,159.94551,431.55,119.71,474.64,198.505,D:\Project\Path_prediction_clean\examples\inputs\urfall_keypoints_adl-01-cam0.xlsx
URFall,URFall_adl-01-cam0,person_1,138,30.0,Normal,1.0,455.76752,160.177,431.46,120.66,475.405,198.505,D:\Project\Path_prediction_clean\examples\inputs\urfall_keypoints_adl-01-cam0.xlsx
URFall,URFall_adl-01-cam0,person_1,139,30.0,Normal,1.0,455.7795,160.326,431.23,122.34,475.77,198.505,D:\Project\Path_prediction_clean\examples\inputs\urfall_keypoints_adl-01-cam0.xlsx
URFall,URFall_adl-01-cam0,person_1,140,30.0,Normal,1.0,455.8095,160.4095,431.2,124.345,475.89,198.505,D:\Project\Path_prediction_clean\examples\inputs\urfall_keypoints_adl-01-cam0.xlsx
URFall,URFall_adl-01-cam0,person_1,141,30.0,Normal,1.0,455.84103,160.449,431.26,125.42,477.225,198.505,D:\Project\Path_prediction_clean\examples\inputs\urfall_keypoints_adl-01-cam0.xlsx
URFall,URFall_adl-01-cam0,person_1,142,30.0,Normal,1.0,455.86697,160.7635,431.345,125.465,477.935,198.505,D:\Project\Path_prediction_clean\examples\inputs\urfall_keypoints_adl-01-cam0.xlsx
URFall,URFall_adl-01-cam0,person_1,143,30.0,Normal,1.0,455.751,161.2355,431.425,125.47,476.89,198.505,D:\Project\Path_prediction_clean\examples\inputs\urfall_keypoints_adl-01-cam0.xlsx
URFall,URFall_adl-01-cam0,person_1,144,30.0,Normal,1.0,455.55148,161.9855,431.485,125.47,474.84,198.505,D:\Project\Path_prediction_clean\examples\inputs\urfall_keypoints_adl-01-cam0.xlsx
URFall,URFall_adl-01-cam0,person_1,145,30.0,Normal,1.0,455.4435,162.37451,431.52,125.47,473.655,198.505,D:\Project\Path_prediction_clean\examples\inputs\urfall_keypoints_adl-01-cam0.xlsx
URFall,URFall_adl-01-cam0,person_1,146,30.0,Normal,1.0,455.53,162.5325,431.545,125.47,473.325,198.505,D:\Project\Path_prediction_clean\examples\inputs\urfall_keypoints_adl-01-cam0.xlsx
URFall,URFall_adl-01-cam0,person_1,147,30.0,Normal,1.0,455.73,162.05751,431.55,125.47,473.3,198.505,D:\Project\Path_prediction_clean\examples\inputs\urfall_keypoints_adl-01-cam0.xlsx
URFall,URFall_adl-01-cam0,person_1,148,30.0,Normal,1.0,456.1185,161.5355,431.55,125.47,473.285,198.505,D:\Project\Path_prediction_clean\examples\inputs\urfall_keypoints_adl-01-cam0.xlsx
URFall,URFall_adl-01-cam0,person_1,149,30.0,Normal,1.0,456.73047,160.93051,431.55,125.47,473.28,198.505,D:\Project\Path_prediction_clean\examples\inputs\urfall_keypoints_adl-01-cam0.xlsx
URFall,URFall_adl-01-cam0,person_1,150,30.0,Normal,1.0,457.1625,160.55,431.55,125.47,473.28,198.505,D:\Project\Path_prediction_clean\examples\inputs\urfall_keypoints_adl-01-cam0.xlsx
